ID,Name,Age,Salary,Department
1,Eva Martin,31,45756,HR
2,Henry Davis,60,116766,Operations
3,Emma Rodriguez,57,117865,IT
4,Jane Martin,31,53268,Finance
5,Alice Clark,41,44446,Legal
6,Henry Rodriguez,32,108212,Finance
7,Mia White,30,113389,Operations
8,Olivia Harris,53,96002,Legal
9,Sophia Robinson,49,97495,Sales
10,Emma Doe,55,93924,Marketing
11,Jane White,26,96963,Marketing
12,Alice Rodriguez,55,108268,Engineering
13,Grace Thompson,26,50343,Sales
14,Frank Clark,23,52022,Marketing
15,John Miller,34,89943,Research
16,Eva Robinson,44,72744,Finance
17,James Clark,65,50453,Marketing
18,Frank Garcia,47,55975,Legal
19,Eva Robinson,48,115269,IT
20,Emma White,41,46367,Finance
21,James Thompson,54,79855,Customer Support
22,Ava Harris,30,99943,HR
23,Eva Brown,31,103662,Marketing
24,Sophia Rodriguez,61,99970,Legal
25,Olivia Brown,44,67226,Sales
26,Jane Harris,22,115152,Operations
27,David Brown,22,94725,Marketing
28,David Brown,33,48317,Legal
29,James Smith,36,86834,Sales
30,Henry Clark,23,40250,Marketing
31,David Miller,38,66067,Operations
32,James Rodriguez,55,59448,Finance
33,Henry Harris,38,103139,Finance
34,David Clark,56,90836,HR
35,Charlie Clark,47,74973,Legal
36,Olivia Clark,22,111239,Marketing
37,Daniel Wilson,48,89818,Marketing
38,Ava Garcia,35,60647,Legal
39,Grace Wilson,32,107608,Marketing
40,Emma Thompson,30,108638,Operations
41,Sophia Martinez,22,80439,Research
42,Grace Harris,55,48932,Finance
43,Charlie Miller,26,85449,Legal
44,James Martin,44,55959,Operations
45,Mia Smith,35,80064,HR
46,Henry Garcia,23,72063,Marketing
47,Emma Davis,51,110582,HR
48,Olivia Smith,57,115790,HR
49,Charlie Smith,30,58634,HR
50,Emma Taylor,50,69752,Customer Support
51,Emma Harris,45,43322,HR
52,Frank Johnson,56,87963,Operations
53,David Clark,48,80716,Research
54,Olivia Clark,52,45871,Finance
55,Jane Lee,47,117349,Finance
56,William Davis,59,110050,Operations
57,Eva Lewis,59,101854,Legal
58,John Clark,23,47967,Legal
59,Eva Thompson,26,73605,Legal
60,John Harris,51,67851,HR
61,Grace Clark,49,94782,Operations
62,Emma Lewis,65,94012,Legal
63,Daniel Martin,50,44370,Engineering
64,Michael Doe,56,41764,Finance
65,Henry Davis,61,102649,Legal
66,William Harris,33,118963,Sales
67,Frank Martinez,26,52209,Marketing
68,Bob Wilson,23,44768,Legal
69,John Lewis,54,47113,Engineering
70,Michael Taylor,58,96599,Legal
71,Grace Martinez,48,101451,Customer Support
72,John Wilson,58,73590,IT
73,Alice Clark,58,114833,Customer Support
74,Ava Lewis,56,110958,Operations
75,James Lee,50,119559,Legal
76,Sophia Smith,34,106985,Customer Support
77,Olivia Harris,41,106825,IT
78,William Lewis,25,47056,Finance
79,Henry Johnson,48,106891,Operations
80,Frank Garcia,29,90665,Sales
81,Jane Rodriguez,54,118552,Finance
82,David Harris,40,61182,Sales
83,William Garcia,44,104670,Sales
84,Eva Taylor,64,59953,Sales
85,Bob Taylor,52,116136,Legal
86,Charlie Brown,33,118617,Engineering
87,James Martinez,47,61945,Engineering
88,Jane Smith,55,97006,Sales
89,Frank Lewis,41,43134,Sales
90,Jane Clark,35,93909,Sales
91,Grace Martinez,60,89438,Operations
92,Sophia Doe,65,50614,Finance
93,John Clark,35,87753,IT
94,Grace Thompson,34,72845,Research
95,Mia Doe,46,94972,Research
96,Olivia Harris,35,87889,Legal
97,Grace Davis,63,59018,Operations
98,Frank Thompson,50,57068,IT
99,Alice Johnson,58,85213,Marketing
100,David Harris,24,79674,Operations
101,Emma Smith,41,40984,Finance
102,Daniel Martin,42,79236,Research
103,Olivia Thompson,46,46553,Legal
104,Emma Robinson,44,78193,Customer Support
105,Mia Thompson,56,95971,IT
106,Grace Martinez,40,88628,Finance
107,Grace Thompson,51,86559,Legal
108,Bob Martinez,57,54354,Research
109,Alice Taylor,46,105529,Legal
110,Henry Taylor,25,83282,Research
111,Eva Harris,38,112328,Research
112,Jane Miller,57,71417,Operations
113,Emma Martinez,34,103501,IT
114,John Wilson,22,86786,Customer Support
115,Sophia Davis,55,102645,HR
116,Daniel Robinson,48,66295,IT
117,Emma Clark,58,92589,Operations
118,Michael Johnson,51,116840,Marketing
119,Emma Brown,50,62681,IT
120,Eva Harris,38,106352,Legal
121,David Davis,59,117055,Operations
122,Alice Robinson,25,116901,Operations
123,Jane Robinson,28,108511,Research
124,Michael Harris,43,110686,IT
125,John Miller,62,75117,Operations
126,Sophia Miller,53,45402,Customer Support
127,Charlie Lewis,48,76330,Operations
128,Grace Davis,61,96591,IT
129,Bob Garcia,55,89496,Customer Support
130,Grace Taylor,35,94409,Research
131,Charlie Miller,42,73379,IT
132,Emma Davis,58,117393,Sales
133,Ava Clark,48,105035,Engineering
134,Ava Smith,58,112568,Sales
135,Jane Doe,28,83901,Finance
136,Charlie Lewis,60,76711,Legal
137,Frank Doe,51,55681,Legal
138,John White,26,105309,Sales
139,James Harris,58,75555,IT
140,Alice Thompson,47,66646,Research
141,Mia Garcia,58,41468,IT
142,Emma Lee,39,80640,Legal
143,Alice Martin,56,112057,Engineering
144,William Clark,36,103663,Research
145,Bob Martin,32,50244,IT
146,Alice Lewis,63,42116,Marketing
147,Eva Martin,50,81054,Legal
148,Jane Lewis,29,81425,HR
149,Olivia Taylor,22,80058,Finance
150,Frank Robinson,65,69752,Sales
151,John Rodriguez,44,58891,IT
152,Frank Clark,23,58093,Marketing
153,William Lewis,40,81283,Operations
154,David Robinson,23,46888,Sales
155,Daniel Clark,54,55277,Research
156,Jane Taylor,61,81731,Operations
157,Ava Harris,60,63967,Legal
158,Alice Davis,47,65001,Engineering
159,Charlie Brown,64,102740,Customer Support
160,Mia Smith,51,92534,Legal
161,James Harris,55,108255,Research
162,Eva Lewis,47,81687,IT
163,Alice Johnson,50,44410,Finance
164,Ava Miller,31,46547,Research
165,John Martin,36,48092,Engineering
166,Emma Miller,63,102705,Customer Support
167,James Martin,47,85480,HR
168,Mia Garcia,30,104874,HR
169,David Lewis,30,112101,Customer Support
170,Ava Clark,35,70001,Finance
171,Mia Davis,43,74718,Marketing
172,Ava Clark,36,68027,HR
173,Eva Clark,37,106226,Finance
174,Ivy Clark,36,109607,Research
175,Daniel Garcia,43,63878,Research
176,James Harris,41,82586,HR
177,David Garcia,64,101704,Research
178,William Wilson,33,83639,Engineering
179,Ava Lee,31,83960,Operations
180,Ivy Smith,34,118521,Marketing
181,Emma Harris,25,87948,IT
182,Olivia Smith,26,71501,Research
183,John Clark,44,51990,Engineering
184,Bob Taylor,47,66545,Research
185,Alice Robinson,33,85402,Legal
186,Sophia Harris,54,67947,Customer Support
187,Jane Lewis,47,53865,IT
188,Sophia White,30,79245,Engineering
189,Michael Thompson,41,69249,Finance
190,Bob White,47,105267,Sales
191,Sophia Smith,28,92083,Operations
192,Grace Clark,45,46844,IT
193,Frank Harris,42,55025,Customer Support
194,Frank Brown,31,109479,Research
195,David Martin,23,56889,Finance
196,James Clark,65,79800,Operations
197,Daniel Brown,46,107434,Legal
198,Emma Rodriguez,22,89539,Sales
199,Alice Davis,40,50782,HR
200,Michael Harris,48,109262,Finance
201,Grace Martin,28,59519,Legal
202,Frank Lee,54,105385,Marketing
203,Sophia Harris,64,101491,HR
204,John Martin,51,72884,Operations
205,Charlie White,44,59250,Customer Support
206,Charlie Lee,26,76792,Finance
207,Henry Miller,38,77612,Engineering
208,Jane White,29,57855,Operations
209,Emma Wilson,58,67188,Finance
210,Charlie White,55,107200,Sales
211,Michael Davis,41,102508,Customer Support
212,John Wilson,58,42498,Finance
213,Olivia Davis,28,83227,HR
214,Henry Lewis,33,71256,Research
215,Jane Garcia,57,101993,HR
216,Jane Robinson,23,85785,Customer Support
217,James Smith,56,107498,Engineering
218,Frank Garcia,57,42222,HR
219,John Brown,49,67854,Engineering
220,John Taylor,58,75068,Operations
221,William Garcia,63,40141,Customer Support
222,Olivia Lewis,60,69129,Operations
223,Mia Lewis,46,66855,IT
224,Michael Miller,39,112178,Sales
225,Charlie Taylor,55,87688,Legal
226,Jane Doe,39,62966,Research
227,Bob Doe,54,96054,Sales
228,Jane Doe,31,96452,Finance
229,Grace Thompson,53,90397,Finance
230,Mia Garcia,39,71426,Operations
231,James Clark,40,67023,Customer Support
232,Alice White,55,77609,Sales
233,John Wilson,46,86132,Marketing
234,William Johnson,45,84997,HR
235,Olivia Lewis,22,115036,Research
236,Eva Doe,37,94620,Marketing
237,James Martin,56,46973,HR
238,Sophia Rodriguez,39,102891,Customer Support
239,Mia Wilson,64,97389,IT
240,Michael Wilson,32,82369,Operations
241,John Garcia,64,70116,Operations
242,Daniel Doe,48,106009,Operations
243,Olivia Davis,51,68524,IT
244,Sophia Clark,62,91405,Legal
245,Charlie Lee,23,55524,Sales
246,Olivia Lewis,39,56062,Research
247,Ivy Martin,48,90163,Research
248,Frank Garcia,38,103482,Finance
249,James White,48,74357,Sales
250,Jane Johnson,35,97355,Operations
251,Henry Martin,41,69854,Sales
252,Daniel Clark,27,43397,Sales
253,Michael Doe,29,79569,HR
254,David Brown,55,58988,Legal
255,John Clark,49,116507,Sales
256,Emma Lee,65,110148,Marketing
257,John Martin,55,77656,Operations
258,Ava Lewis,34,104837,Legal
259,Michael Smith,50,107097,Legal
260,Alice Taylor,33,46341,Research
261,Olivia Lewis,61,111671,Customer Support
262,John Martinez,42,83119,Customer Support
263,Olivia Lewis,23,52130,IT
264,Jane Harris,58,42947,Operations
265,William Lewis,26,113125,Marketing
266,Daniel Brown,58,56140,Engineering
267,Bob Thompson,48,43166,Finance
268,John Taylor,64,89010,Customer Support
269,William Brown,45,92560,Customer Support
270,Ivy Smith,31,55633,Marketing
271,Michael Martin,48,43035,HR
272,James Clark,43,83834,Customer Support
273,Michael Rodriguez,37,63620,IT
274,John Brown,30,95121,Finance
275,Sophia Rodriguez,26,71321,Marketing
276,John Robinson,50,95597,Marketing
277,Grace Davis,45,59564,Sales
278,Grace White,48,102455,Research
279,Mia Miller,32,69787,Legal
280,Jane Rodriguez,35,83493,Finance
281,Daniel Lewis,41,61540,IT
282,William Martin,64,104487,Legal
283,Henry White,51,50948,Sales
284,David Clark,54,94890,IT
285,David Doe,61,71340,HR
286,Grace Brown,49,100287,Engineering
287,Charlie Rodriguez,63,62260,Engineering
288,David Miller,49,59677,Finance
289,John Lee,22,83574,IT
290,William Rodriguez,27,101029,Engineering
291,Olivia Martin,37,85024,Sales
292,William Miller,51,73482,Operations
293,Olivia Davis,54,115740,Customer Support
294,Sophia Brown,45,104283,Sales
295,Daniel Harris,60,95870,IT
296,Ivy White,30,111881,Sales
297,Henry Lewis,30,87254,Research
298,Bob Clark,48,108943,Sales
299,Henry Taylor,65,93943,Customer Support
300,Mia Doe,26,61012,Customer Support
301,Jane Davis,31,98099,HR
302,Grace Miller,50,41489,Research
303,Sophia Robinson,26,66633,Marketing
304,Sophia Taylor,31,92772,Customer Support
305,Ivy Smith,35,95924,Research
306,William Clark,58,118470,Engineering
307,James Clark,65,42327,Customer Support
308,William Clark,53,40100,IT
309,Bob Lee,55,78720,HR
310,David Doe,64,95797,HR
311,Michael Lee,57,98566,Finance
312,James Smith,42,66036,Research
313,William Brown,38,78119,Engineering
314,Jane Lewis,22,41858,Research
315,Michael Johnson,53,99012,Engineering
316,John Harris,37,62880,Research
317,James Clark,43,61465,Finance
318,Ivy Davis,35,54349,Research
319,William Martin,43,64203,Sales
320,Olivia Clark,48,78119,Sales
321,Grace Lewis,54,82392,Engineering
322,Sophia Johnson,64,87055,Legal
323,Ivy White,56,117756,Operations
324,Emma Wilson,45,65052,Marketing
325,Bob White,37,83048,Customer Support
326,Emma Lewis,45,118941,HR
327,Alice Doe,51,43717,Research
328,Eva Davis,65,71994,IT
329,Grace Robinson,42,109169,Research
330,Emma Johnson,51,46899,HR
331,Sophia Thompson,55,56201,Marketing
332,David White,59,93625,Finance
333,Charlie Martinez,55,70279,Operations
334,Eva Brown,40,97480,HR
335,John Lewis,52,111166,Legal
336,Ava Harris,25,63257,Engineering
337,Charlie Thompson,32,49874,Legal
338,Bob Garcia,59,69415,IT
339,Henry Garcia,46,67300,Engineering
340,Ivy Doe,43,96984,Legal
341,Grace Miller,50,85980,Sales
342,James Lewis,38,60998,Engineering
343,Eva Smith,28,91533,Engineering
344,Olivia Martin,29,49599,Operations
345,Michael Miller,54,44022,Operations
346,Sophia White,22,80683,Sales
347,Charlie Doe,41,56981,Finance
348,James Harris,31,41794,Sales
349,Ava Davis,35,77092,Operations
350,Henry Rodriguez,32,113789,Legal
351,Bob Rodriguez,57,86095,HR
352,Bob Miller,44,41317,IT
353,Sophia Brown,28,47686,Legal
354,Alice Clark,58,108720,Legal
355,Mia Lee,52,105507,Sales
356,James Garcia,60,99593,Marketing
357,James Doe,37,118820,Operations
358,Olivia Miller,51,116868,HR
359,Frank Davis,65,48950,HR
360,Daniel Doe,48,119984,Finance
361,John Johnson,59,71844,Finance
362,David Garcia,41,107377,Research
363,Ava White,24,46758,Customer Support
364,Jane Lewis,51,101066,Research
365,Ava Wilson,40,97846,Finance
366,Frank Martin,40,92462,IT
367,Olivia Johnson,56,118288,Operations
368,Bob White,35,65008,Finance
369,James Garcia,40,55593,Legal
370,Grace Clark,50,58773,Operations
371,Daniel Miller,24,109787,Customer Support
372,John Thompson,33,65249,Research
373,Olivia Miller,37,113735,Research
374,Alice Lewis,58,101304,Legal
375,Bob Lee,30,116224,Operations
376,Ivy Clark,32,76242,IT
377,Olivia Rodriguez,29,67444,Customer Support
378,Olivia Davis,39,107448,Finance
379,Bob Johnson,33,53998,Customer Support
380,Ivy Rodriguez,62,112496,Legal
381,John Martin,32,54081,HR
382,Charlie White,42,74689,IT
383,John Brown,49,89794,Legal
384,Jane Lewis,29,95637,HR
385,Ivy Rodriguez,51,115007,Sales
386,David Lewis,52,40437,Marketing
387,Eva Davis,44,71839,Operations
388,Alice Johnson,58,51363,IT
389,Frank Lee,33,53085,Research
390,Mia Harris,65,95741,Marketing
391,Daniel Miller,60,95826,Sales
392,David Miller,57,64945,Marketing
393,Alice Wilson,50,100502,HR
394,Sophia Clark,42,99693,Finance
395,Charlie Martin,25,67153,Finance
396,Charlie Harris,56,74357,Customer Support
397,John Miller,42,84954,Customer Support
398,Charlie White,29,115147,IT
399,Alice Harris,47,73558,IT
400,William Miller,30,72192,HR
401,Mia Lee,31,102064,Finance
402,Charlie Miller,37,47098,Engineering
403,William Martinez,48,84080,IT
404,Charlie Harris,45,95991,Operations
405,Charlie Lee,65,91060,HR
406,Sophia Rodriguez,38,85059,Legal
407,Michael Wilson,64,106541,Engineering
408,Charlie Thompson,28,114757,Marketing
409,John Thompson,56,58798,HR
410,David Taylor,49,111196,Customer Support
411,Ivy Harris,49,63707,IT
412,Jane Robinson,39,77823,Customer Support
413,Sophia Robinson,25,111836,Marketing
414,Frank Taylor,53,102929,Operations
415,Ivy White,31,58508,Customer Support
416,Mia Clark,46,83953,Finance
417,Charlie Clark,44,53968,Customer Support
418,Bob Wilson,35,101412,Sales
419,Ava Taylor,38,104650,Customer Support
420,Eva Davis,59,98270,Customer Support
421,Ivy Lee,61,86535,Finance
422,William Thompson,52,99911,Operations
423,John Doe,31,73999,Legal
424,Grace White,58,62051,Marketing
425,Olivia Doe,29,110595,Engineering
426,Ava White,63,92750,Marketing
427,Charlie Lee,59,73777,Legal
428,Michael Brown,39,78612,Finance
429,David Robinson,48,118842,Legal
430,James Wilson,43,94823,Sales
431,Michael White,23,113878,Legal
432,Ivy Martinez,34,87083,Marketing
433,Bob Clark,29,54357,Research
434,Charlie Garcia,26,117888,Customer Support
435,Frank Martin,52,43150,Marketing
436,Eva Doe,61,107800,Sales
437,Michael Miller,45,112068,Research
438,Mia Brown,38,62917,Legal
439,Sophia Garcia,65,91904,IT
440,Ivy Doe,42,72043,Sales
441,Emma Garcia,55,119826,Sales
442,Mia Clark,57,83918,Customer Support
443,Eva Miller,45,48073,Finance
444,Sophia Wilson,27,45149,Research
445,Grace Clark,47,79698,Marketing
446,Mia Harris,58,57448,IT
447,Jane Miller,44,119280,IT
448,James Brown,29,40026,Engineering
449,James Johnson,40,96046,HR
450,Michael Harris,59,58549,Sales
451,James Doe,43,83557,Engineering
452,Jane Taylor,39,42870,Operations
453,Grace White,49,82862,Customer Support
454,John Martinez,26,65123,Customer Support
455,Mia Johnson,40,86329,Legal
456,Alice Lewis,27,61122,Sales
457,Emma Lewis,58,52253,Finance
458,John Davis,50,105563,Engineering
459,Ivy Robinson,25,78236,Finance
460,Emma Harris,64,93088,Sales
461,Mia Clark,29,116485,Sales
462,Charlie Rodriguez,42,77134,Operations
463,Charlie Rodriguez,45,85590,IT
464,Frank Smith,56,105635,Marketing
465,John Johnson,28,109594,Research
466,James Lee,36,78982,Finance
467,William Lee,58,87877,Legal
468,Emma Martinez,22,116778,Sales
469,Daniel Lee,31,85124,Engineering
470,Ivy Brown,55,74109,Finance
471,Michael Martin,51,84600,Research
472,Bob Thompson,56,69594,HR
473,Michael Wilson,25,113316,Research
474,Daniel Rodriguez,53,99454,Research
475,Bob Garcia,29,95208,Operations
476,Ava White,25,48914,Customer Support
477,Frank Clark,56,79595,Marketing
478,Ava White,31,114148,Research
479,William Doe,52,107039,Marketing
480,Frank Miller,27,83146,Sales
481,Jane Clark,57,94194,Finance
482,Sophia Lee,60,73732,HR
483,David Rodriguez,31,118491,Engineering
484,Frank Martin,24,42164,Legal
485,Ivy Martinez,41,70139,Finance
486,Daniel Lee,52,81634,Engineering
487,Eva Robinson,29,79275,HR
488,Emma Thompson,33,82243,Customer Support
489,William Harris,55,102440,Sales
490,John Martin,40,78289,IT
491,Emma Lewis,49,64578,Research
492,William Brown,38,93772,Customer Support
493,Ivy Clark,32,72816,Operations
494,Mia Lee,47,104112,IT
495,Eva White,62,86850,IT
496,Emma Clark,61,98117,HR
497,William Robinson,31,94225,Research
498,William Davis,53,105656,Marketing
499,Michael Johnson,45,80233,Operations
500,James Brown,45,61593,HR
501,Ivy Davis,62,60479,Customer Support
502,Olivia Lee,59,70810,Legal
503,Sophia Thompson,50,47349,Operations
504,Olivia Brown,65,54952,Sales
505,Frank Brown,61,49849,Operations
506,Daniel Brown,29,89979,Legal
507,Daniel Rodriguez,59,87039,Customer Support
508,James Lee,23,99754,Legal
509,Alice Taylor,25,55595,Marketing
510,Jane Lee,37,80981,Customer Support
511,Charlie Wilson,55,72349,Sales
512,Frank Robinson,36,112622,IT
513,Eva Harris,45,89976,Sales
514,Sophia Miller,41,87645,Marketing
515,William Clark,42,94361,Customer Support
516,Daniel Robinson,37,104787,Legal
517,Olivia Harris,29,93800,Sales
518,Emma Doe,22,65986,Finance
519,Michael Lewis,29,113484,IT
520,William Johnson,65,52876,Research
521,Daniel Harris,25,102056,Research
522,Henry Clark,23,79851,Research
523,Daniel Miller,54,53008,Legal
524,Grace Johnson,31,43496,Legal
525,Daniel Taylor,52,91179,Marketing
526,Olivia Davis,64,44515,Research
527,Daniel Garcia,43,102227,Finance
528,Ava Doe,35,101661,Customer Support
529,Frank Taylor,24,108416,Finance
530,Henry Harris,22,80810,Research
531,Charlie Garcia,30,71469,HR
532,Bob Harris,39,69908,Marketing
533,Mia Davis,39,62487,Engineering
534,Frank Davis,26,77615,Marketing
535,William Taylor,46,83583,Research
536,Bob Lewis,60,76131,IT
537,Olivia Lewis,48,96149,Legal
538,Frank Robinson,65,108972,Finance
539,Olivia Lee,43,113512,Operations
540,Sophia Johnson,25,51743,HR
541,Ivy Wilson,51,64755,HR
542,Sophia Davis,63,50338,Research
543,Michael Martinez,64,66513,Finance
544,Ivy Thompson,22,56145,Legal
545,John Miller,37,45118,Sales
546,Grace Garcia,44,83481,Research
547,Jane Garcia,29,68729,Engineering
548,Mia Clark,27,112331,Operations
549,Eva Garcia,52,100354,Legal
550,Olivia Garcia,46,46722,HR
551,Charlie Smith,47,67839,Research
552,Michael Clark,25,54515,Customer Support
553,James Garcia,49,67217,Operations
554,Henry Wilson,56,51544,Legal
555,Daniel Johnson,40,44810,Sales
556,Ava Taylor,59,105801,HR
557,Henry Taylor,23,50740,IT
558,Mia Rodriguez,55,86021,Engineering
559,Henry Martinez,36,47991,Operations
560,Olivia Rodriguez,23,87788,Marketing
561,Bob Clark,65,107643,Research
562,William Lewis,24,81424,Legal
563,Ava Johnson,55,98186,HR
564,Henry Clark,61,64163,IT
565,Daniel Clark,22,74873,Finance
566,Ivy Garcia,36,116312,Legal
567,Grace Harris,40,112900,Research
568,Alice Davis,27,96145,IT
569,Sophia Brown,27,60280,Operations
570,James Taylor,61,97406,IT
571,Charlie Davis,57,84826,Operations
572,Eva Rodriguez,58,80691,Operations
573,Frank Wilson,47,83495,Research
574,David Garcia,56,75152,Legal
575,William Clark,36,109550,Sales
576,Alice Rodriguez,30,98561,Marketing
577,James Martin,63,95393,Marketing
578,Eva Johnson,38,40920,Research
579,David Davis,59,86579,Research
580,William Taylor,38,62494,Sales
581,Jane Harris,64,55152,Engineering
582,Eva Clark,40,110649,Sales
583,Alice Harris,58,103332,Finance
584,Emma Wilson,65,48314,Customer Support
585,Michael Martin,23,72100,HR
586,Daniel Davis,55,79263,Legal
587,Emma Lewis,65,66225,HR
588,Eva Lewis,58,62703,Legal
589,Alice Wilson,34,47022,Marketing
590,Michael White,23,84669,Customer Support
591,Charlie Miller,40,100946,Sales
592,John Lee,26,81277,Research
593,William Doe,56,100125,Finance
594,Emma Johnson,62,72815,Operations
595,James Lewis,51,86498,Customer Support
596,Sophia Smith,22,46652,Research
597,Charlie Davis,55,44317,Operations
598,Mia Doe,46,67799,Engineering
599,Mia Clark,42,104888,Marketing
600,Emma Brown,61,54748,Customer Support
601,Charlie Wilson,33,107723,IT
602,Grace Martinez,44,99496,Finance
603,Charlie Smith,60,58611,Finance
604,Alice White,62,99445,HR
605,Ava Smith,25,52864,Marketing
606,Jane Clark,45,107827,Customer Support
607,Olivia Robinson,51,93185,Finance
608,Frank White,50,41721,Operations
609,Sophia Davis,27,78890,Marketing
610,James Wilson,42,87305,Marketing
611,Ivy Doe,22,79326,Research
612,Olivia Martin,39,93420,IT
613,Michael Rodriguez,51,81240,Engineering
614,Frank Davis,47,106729,Engineering
615,Daniel Garcia,28,66736,Finance
616,Grace Clark,23,61145,Sales
617,James Thompson,28,78018,Research
618,Ava White,45,90964,Finance
619,Ivy White,50,61124,HR
620,Ivy Wilson,57,117057,Marketing
621,Daniel Smith,26,93830,Finance
622,Michael Lewis,53,81673,IT
623,James Harris,52,49623,IT
624,Grace Harris,26,114200,Marketing
625,Ava Davis,49,40388,HR
626,James Wilson,42,43311,Sales
627,James Clark,65,101467,IT
628,Ivy Taylor,64,97889,Customer Support
629,Mia Clark,58,46042,IT
630,Henry Brown,44,96879,Research
631,James Garcia,22,47701,Marketing
632,Mia Rodriguez,48,71484,HR
633,Jane Harris,33,104172,IT
634,Ava Johnson,63,43459,Research
635,William Clark,59,43241,IT
636,Mia Smith,22,90323,IT
637,David Taylor,46,45544,Customer Support
638,Ivy Clark,40,115856,Finance
639,John Thompson,33,111335,Legal
640,Jane Martinez,31,104551,Finance
641,Grace Davis,31,77686,IT
642,Charlie Johnson,24,49998,Sales
643,Mia Taylor,27,85762,Marketing
644,Grace Clark,61,53970,Engineering
645,Michael Brown,37,117640,Finance
646,William Harris,34,69202,Customer Support
647,Emma Brown,38,66331,Engineering
648,Charlie Miller,54,111242,Research
649,William Taylor,31,74880,Research
650,Charlie Wilson,23,111042,HR
651,Daniel Lewis,63,40276,Finance
652,Bob Lewis,34,97795,Legal
653,David White,23,86263,Marketing
654,Mia Harris,61,81066,Customer Support
655,Jane Miller,57,87815,Finance
656,Ava Lee,22,106202,Operations
657,Alice Smith,43,109867,Legal
658,Henry Martinez,47,97259,Finance
659,Mia Doe,42,97694,Sales
660,Michael Wilson,42,87229,Engineering
661,Olivia Martinez,40,51968,Research
662,Eva Robinson,61,53537,Engineering
663,Olivia Martinez,57,118454,Research
664,Mia Johnson,31,114466,Operations
665,Grace Taylor,52,74821,Research
666,Mia Miller,35,43380,Operations
667,Henry Johnson,32,42861,Finance
668,Ava Clark,46,43501,Sales
669,William Miller,35,41452,HR
670,Sophia Wilson,30,63383,Operations
671,Emma White,26,96894,Research
672,Mia Doe,41,52957,Customer Support
673,Daniel Robinson,56,82003,Customer Support
674,David Robinson,50,42820,HR
675,Michael White,25,85825,Finance
676,Frank Johnson,27,74799,Engineering
677,Emma Lee,35,63096,Operations
678,Sophia Rodriguez,51,113354,Legal
679,Olivia Lewis,48,42372,IT
680,Bob Taylor,53,55948,Customer Support
681,Grace Thompson,54,48746,Finance
682,John Smith,24,43118,Marketing
683,William Lee,60,105409,Legal
684,James Robinson,30,88920,Customer Support
685,Charlie Miller,49,45719,IT
686,William Brown,59,99985,Finance
687,Jane Miller,36,109727,IT
688,Ivy Martinez,38,109971,Sales
689,Daniel Garcia,25,69662,Engineering
690,Charlie Smith,54,66160,Finance
691,Eva White,35,78633,Marketing
692,James White,24,71124,Customer Support
693,Bob Johnson,28,47205,Engineering
694,Jane Lewis,47,64312,IT
695,Henry Johnson,27,53681,Legal
696,Emma Thompson,38,55940,Sales
697,Ava White,30,69315,HR
698,Alice Harris,53,86405,Sales
699,Ava Doe,28,95000,Customer Support
700,Frank Clark,59,96383,HR
701,William Brown,35,47427,Legal
702,Henry Wilson,53,63266,Sales
703,John Martin,49,106871,IT
704,Jane Martin,38,53591,Sales
705,Sophia Smith,50,111278,Research
706,Charlie Smith,62,80791,IT
707,Olivia Taylor,61,52700,Legal
708,Daniel White,44,116085,Marketing
709,John Clark,51,89987,Marketing
710,James Harris,47,82858,Marketing
711,Frank Clark,49,68349,Engineering
712,Eva Taylor,54,117332,Operations
713,James Miller,44,117618,Customer Support
714,Charlie Doe,33,105727,Marketing
715,James White,43,89168,Sales
716,Emma Miller,23,93069,Operations
717,Grace Smith,53,103203,IT
718,Michael Wilson,45,119018,HR
719,Grace Harris,48,96914,HR
720,Alice Taylor,53,53777,Operations
721,Grace Taylor,33,89734,Operations
722,John Clark,27,44797,Legal
723,David Smith,28,73903,Sales
724,Henry Harris,44,100875,IT
725,Mia Wilson,63,105175,Customer Support
726,Charlie Taylor,40,85578,Engineering
727,Sophia White,29,98277,Operations
728,John Clark,58,91103,IT
729,Charlie Wilson,49,57616,Research
730,Mia Robinson,22,52055,Customer Support
731,Alice Robinson,37,85009,Legal
732,Mia Clark,34,44788,Sales
733,William Thompson,26,90993,Engineering
734,Jane Wilson,56,106598,Engineering
735,Jane Clark,32,99980,Engineering
736,Bob Garcia,31,117456,Operations
737,Emma Lee,30,102856,Finance
738,John Davis,53,107577,HR
739,Charlie Taylor,49,99913,Marketing
740,Henry Miller,65,106837,IT
741,Michael Wilson,32,114171,Research
742,Michael Davis,62,75921,Operations
743,Ava Johnson,64,52129,IT
744,Ava Harris,37,118517,IT
745,John Taylor,43,71867,IT
746,Mia Smith,63,85178,IT
747,Ivy Brown,34,44403,Marketing
748,Alice Miller,61,87014,Sales
749,Henry Brown,29,70885,Customer Support
750,James Harris,32,116904,Finance
751,Emma Wilson,54,97481,Sales
752,Michael Taylor,48,88829,HR
753,James Thompson,53,70653,Customer Support
754,Jane Smith,26,95433,IT
755,Emma Rodriguez,57,84604,IT
756,Olivia Lee,31,68904,Research
757,Jane Miller,25,47865,Legal
758,Ava Johnson,61,40971,Finance
759,Henry Smith,41,55804,Sales
760,Jane Clark,62,46044,Customer Support
761,Frank Johnson,63,90271,Customer Support
762,William Miller,35,82247,Operations
763,Jane Clark,32,93591,Engineering
764,Michael Lee,54,97449,Sales
765,Ivy Lee,48,91613,Finance
766,James Robinson,35,66041,Sales
767,Ivy White,39,41181,Marketing
768,Eva Miller,22,99172,HR
769,Ava Thompson,51,104531,Customer Support
770,Olivia Martin,47,60521,Marketing
771,Michael Miller,33,75554,Legal
772,Olivia Doe,62,103374,Engineering
773,Jane Doe,24,91425,Customer Support
774,Michael Lewis,43,45580,Marketing
775,Henry Robinson,55,60988,HR
776,Charlie Garcia,23,115703,IT
777,James Brown,33,93433,Marketing
778,Daniel Smith,38,115412,Finance
779,Emma Brown,25,101324,Legal
780,Ivy Thompson,34,57463,HR
781,Sophia Robinson,27,118144,Marketing
782,Sophia Doe,40,47630,Finance
783,Emma Rodriguez,47,50944,Legal
784,Emma Martin,56,97893,Finance
785,Ivy Martinez,35,92777,Engineering
786,Henry Davis,32,56431,Operations
787,John Doe,49,44256,Sales
788,David Wilson,26,53097,Engineering
789,Mia Lewis,32,68097,IT
790,John Davis,52,112542,HR
791,Ava Martin,64,55118,Operations
792,Jane Miller,38,57069,Marketing
793,Eva Robinson,55,75775,HR
794,Eva Brown,30,117063,IT
795,Ivy Martin,63,110738,Finance
796,James White,34,87889,Legal
797,Henry Taylor,65,42785,IT
798,William Wilson,52,95917,Research
799,Emma Brown,30,75818,Research
800,Alice Wilson,37,112726,Operations
801,David Wilson,26,71613,Marketing
802,Daniel Brown,56,95580,Legal
803,Grace Lee,41,109381,Operations
804,Ava Doe,37,82009,HR
805,William Lee,55,116213,Customer Support
806,Olivia Martinez,61,61075,Sales
807,Bob Rodriguez,35,108296,Operations
808,Ivy Clark,36,69477,Marketing
809,Henry Thompson,34,56851,Finance
810,Alice White,64,107645,Operations
811,Olivia Martinez,27,112458,Marketing
812,Henry Robinson,61,82785,Marketing
813,William Lewis,42,90055,Legal
814,Alice Johnson,31,51975,Marketing
815,Ava Lewis,22,47876,Engineering
816,David Clark,33,94018,Marketing
817,Charlie Martinez,43,85802,Legal
818,Jane Taylor,55,94669,HR
819,Henry Thompson,54,59140,Research
820,William Davis,32,117064,IT
821,Bob Martin,52,57999,Marketing
822,Daniel Robinson,37,109905,IT
823,Olivia Johnson,25,66017,Finance
824,Daniel Brown,57,119428,Marketing
825,Daniel Harris,37,119373,Sales
826,John Taylor,39,67382,Engineering
827,David Brown,60,73029,Operations
828,Jane Clark,61,73813,Customer Support
829,Eva Smith,46,98883,Marketing
830,Bob Harris,27,119663,Engineering
831,Charlie Martin,37,84287,Customer Support
832,Eva Johnson,54,111279,Customer Support
833,Henry Taylor,23,99921,IT
834,Eva Rodriguez,51,94246,Marketing
835,Frank Smith,42,48741,Operations
836,Jane Rodriguez,33,99505,Legal
837,David Martin,49,67934,HR
838,Henry Davis,34,103003,Legal
839,John Johnson,56,117441,Operations
840,John White,39,79137,Engineering
841,Ava Johnson,53,55771,Operations
842,Emma Harris,26,112547,Engineering
843,Michael Lee,23,43856,Research
844,Emma Davis,30,90487,Legal
845,Eva Rodriguez,65,112104,Finance
846,Michael Miller,65,64021,IT
847,James Doe,47,58077,Research
848,Olivia Johnson,22,110764,Legal
849,Eva Lewis,44,78653,Finance
850,Bob Smith,63,74252,Operations
851,Michael Taylor,53,112684,Sales
852,Eva Taylor,42,93550,Sales
853,Olivia Taylor,54,109196,Research
854,Daniel Davis,28,75228,Research
855,Eva Martin,58,84548,Legal
856,Grace Johnson,62,87788,Customer Support
857,John Clark,63,105436,HR
858,Ivy Clark,49,62514,HR
859,Mia Rodriguez,50,103114,Customer Support
860,David Brown,65,56367,Finance
861,Emma White,42,86710,HR
862,Ava Clark,47,98972,IT
863,William White,65,49566,IT
864,Olivia White,61,42462,Finance
865,Ava White,44,118750,Legal
866,Olivia Garcia,35,53223,Finance
867,James Rodriguez,28,102193,Finance
868,Mia Thompson,33,115334,Operations
869,Jane White,26,83141,IT
870,Michael Martin,27,113845,Legal
871,Emma Harris,45,69212,Customer Support
872,Grace Taylor,42,75579,Research
873,Alice Clark,24,54895,Operations
874,David Doe,28,51216,IT
875,William Clark,31,82343,Operations
876,Daniel Smith,62,54377,Operations
877,Grace Lee,60,105662,Marketing
878,Ava Martin,26,94319,Sales
879,Sophia Garcia,22,90958,Research
880,William White,62,83261,Operations
881,Ava Wilson,64,50866,Operations
882,James Lee,52,90872,Customer Support
883,Bob Wilson,65,90933,Research
884,Charlie Davis,45,78476,Sales
885,Mia Rodriguez,29,54345,IT
886,Frank Brown,31,91059,Research
887,Emma Taylor,64,105835,IT
888,Henry Lewis,25,106896,Operations
889,Bob Harris,34,94920,Operations
890,John Wilson,25,66486,Operations
891,James Davis,51,95248,Finance
892,Jane Clark,55,57648,Engineering
893,Grace Rodriguez,24,42086,Customer Support
894,Sophia Garcia,62,81815,Marketing
895,David Clark,39,118833,IT
896,Charlie Wilson,45,77759,Research
897,David Clark,24,116861,Customer Support
898,Grace Lewis,24,84212,Legal
899,Ivy Davis,56,90154,Engineering
900,Henry Davis,47,95993,HR
901,Henry Lee,33,64455,Marketing
902,Jane Wilson,51,85144,Legal
903,Charlie Martin,31,104787,Marketing
904,Olivia Davis,37,99873,Finance
905,Daniel Harris,55,86899,Research
906,Henry White,51,76204,Legal
907,Bob Johnson,42,72877,Operations
908,Bob Brown,60,64804,Operations
909,Jane Martin,62,98826,Finance
910,Jane Doe,59,82603,Finance
911,John Thompson,50,100603,Sales
912,Jane White,36,61035,Engineering
913,Michael Doe,34,61329,Research
914,Frank Garcia,49,79015,Research
915,Frank Clark,59,90830,Finance
916,Ava Taylor,26,73195,Legal
917,Jane Smith,28,74946,IT
918,Emma Taylor,64,95957,Engineering
919,William Clark,56,54307,HR
920,Olivia Thompson,41,116858,Operations
921,Emma Smith,57,106568,Customer Support
922,Ava Martin,49,57138,IT
923,William Taylor,51,105991,Finance
924,Henry Clark,29,73529,Sales
925,Ivy Lee,44,107085,IT
926,Henry Clark,50,85287,Customer Support
927,James Martinez,59,113161,Engineering
928,Ava Doe,32,106690,Finance
929,Daniel Smith,55,112834,Customer Support
930,Grace Rodriguez,22,77323,Research
931,Frank Davis,29,116304,Operations
932,Eva Taylor,49,111013,Marketing
933,William Smith,42,110456,Operations
934,Olivia Clark,35,72071,Sales
935,Mia Clark,45,71171,Engineering
936,Ava Miller,44,119601,Engineering
937,Sophia Rodriguez,62,95679,Marketing
938,William Robinson,23,74976,Marketing
939,Olivia Doe,40,45803,Research
940,William Martin,48,101389,Operations
941,Bob Lee,27,97084,HR
942,Mia Rodriguez,40,43044,Finance
943,William Smith,50,92892,Sales
944,Alice Doe,54,48532,Engineering
945,John Lee,44,48537,Operations
946,Michael Davis,49,117968,Customer Support
947,John Davis,43,56826,Finance
948,Grace Taylor,42,58618,Customer Support
949,Henry Rodriguez,45,114540,Research
950,Henry Rodriguez,33,48429,Engineering
951,Emma Lee,64,49202,Marketing
952,William Smith,44,85335,Research
953,John Harris,53,81939,Research
954,James Robinson,23,91259,Operations
955,Daniel Lee,49,101652,Customer Support
956,Eva White,33,78050,Legal
957,James Brown,35,66880,Legal
958,Olivia White,28,61385,Marketing
959,Ava White,51,99950,Engineering
960,Alice Taylor,44,72825,Finance
961,David Johnson,37,49414,Finance
962,James Lewis,31,45639,Sales
963,Charlie Thompson,50,44890,IT
964,David Garcia,33,84067,Legal
965,James Martinez,33,56308,Research
966,Henry Lewis,29,93717,Research
967,Ava Robinson,47,58488,Legal
968,Henry Clark,28,74894,IT
969,Alice Johnson,53,50617,Customer Support
970,James Miller,57,48462,Research
971,James Thompson,59,102389,Customer Support
972,Eva Smith,24,41527,Engineering
973,Grace Brown,62,74198,Sales
974,Henry Davis,33,93793,HR
975,Alice Lee,60,102013,Marketing
976,Alice Brown,45,84304,Engineering
977,Henry Harris,26,108260,Finance
978,Bob Taylor,46,69769,Engineering
979,Henry Taylor,28,54245,Finance
980,William Thompson,49,84049,Customer Support
981,Frank Garcia,51,100035,IT
982,Eva Lee,26,41113,Finance
983,William Garcia,23,94413,Marketing
984,Jane White,49,76009,HR
985,Eva Rodriguez,57,62312,Research
986,Jane Lee,34,90772,Operations
987,Emma Johnson,43,59657,IT
988,Daniel Brown,30,54791,HR
989,Daniel Smith,22,40694,Marketing
990,Grace Taylor,25,106433,Marketing
991,David Miller,27,73143,Legal
992,Grace Lewis,28,61484,HR
993,Daniel Harris,31,62969,Marketing
994,Ivy Clark,65,106586,Legal
995,Jane Davis,44,88002,Sales
996,Ava Lee,45,77572,Operations
997,David Robinson,41,81753,Research
998,Henry Harris,64,99617,Legal
999,Charlie Robinson,63,63267,Research
1000,Ivy Clark,53,99054,Legal
